[{ "id": "APRESENTACAO", "parent" : "#", "text": "APRESENTAÇÃO", "a_attr": {"href": "APRESENTACAO.html"} , "icon": "icon-2" },{ "id": "OQueeanovaEnciclopediadoTJMG", "parent" : "APRESENTACAO", "text": "O Que é a nova Enciclopédia do TJMG", "a_attr": {"href": "OQueeanovaEnciclopediadoTJMG.html"} , "icon": "icon-10" },{ "id": "ComoUtiliza-ladeFormaEficaz", "parent" : "APRESENTACAO", "text": "Como Utilizá-la de Forma Eficaz", "a_attr": {"href": "ComoUtiliza-ladeFormaEficaz.html"} , "icon": "icon-10" },{ "id": "NovidadesDestaVersao", "parent" : "APRESENTACAO", "text": "Novidades Desta Versão", "a_attr": {"href": "NovidadesDestaVersao.html"} , "icon": "icon-10" },{ "id": "SugestoeseAlteracoes", "parent" : "APRESENTACAO", "text": "Sugestões e Alterações", "a_attr": {"href": "SugestoeseAlteracoes.html"} , "icon": "icon-10" },{ "id": "DIREITOADMINISTRATIVO", "parent" : "#", "text": "DIREITO ADMINISTRATIVO ", "a_attr": {"href": "DIREITOADMINISTRATIVO.html"}  },{ "id": "RegimeJuridicoAdministrativo", "parent" : "DIREITOADMINISTRATIVO", "text": "Regime Jurídico Administrativo", "a_attr": {"href": "RegimeJuridicoAdministrativo.html"} , "icon": "icon-10" },{ "id": "PoderesAdministrativos", "parent" : "DIREITOADMINISTRATIVO", "text": "Poderes Administrativos", "a_attr": {"href": "PoderesAdministrativos.html"} , "icon": "icon-10" },{ "id": "OrganizacaoAdministrativa", "parent" : "DIREITOADMINISTRATIVO", "text": "Organização Administrativa", "a_attr": {"href": "OrganizacaoAdministrativa.html"} , "icon": "icon-10" },{ "id": "AtosAdministrativos", "parent" : "DIREITOADMINISTRATIVO", "text": "Atos Administrativos", "a_attr": {"href": "AtosAdministrativos.html"} , "icon": "icon-10" },{ "id": "ResponsabilidadeCivildoEstado", "parent" : "DIREITOADMINISTRATIVO", "text": "Responsabilidade Civil do Estado", "a_attr": {"href": "ResponsabilidadeCivildoEstado.html"} , "icon": "icon-10" },{ "id": "ControledaAdministracao", "parent" : "DIREITOADMINISTRATIVO", "text": "Controle da Administração", "a_attr": {"href": "ControledaAdministracao.html"} , "icon": "icon-10" },{ "id": "Licitacao", "parent" : "DIREITOADMINISTRATIVO", "text": "Licitação", "a_attr": {"href": "Licitacao.html"} , "icon": "icon-10" },{ "id": "ContratosAdministrativos", "parent" : "DIREITOADMINISTRATIVO", "text": "Contratos Administrativos", "a_attr": {"href": "ContratosAdministrativos.html"} , "icon": "icon-10" },{ "id": "Servicospublicos", "parent" : "DIREITOADMINISTRATIVO", "text": "Serviços públicos", "a_attr": {"href": "Servicospublicos.html"} , "icon": "icon-10" },{ "id": "EntidadesdoTerceiroSetor", "parent" : "DIREITOADMINISTRATIVO", "text": "Entidades do Terceiro Setor", "a_attr": {"href": "EntidadesdoTerceiroSetor.html"} , "icon": "icon-10" },{ "id": "AgentesPublicos", "parent" : "DIREITOADMINISTRATIVO", "text": "Agentes Públicos", "a_attr": {"href": "AgentesPublicos.html"} , "icon": "icon-10" },{ "id": "ImprobidadeAdministrativa", "parent" : "DIREITOADMINISTRATIVO", "text": "Improbidade Administrativa", "a_attr": {"href": "ImprobidadeAdministrativa.html"} , "icon": "icon-10" },{ "id": "IntervencaodoEstadonaPropiedade", "parent" : "DIREITOADMINISTRATIVO", "text": "Intervenção do Estado na Propiedade", "a_attr": {"href": "IntervencaodoEstadonaPropiedade.html"} , "icon": "icon-10" },{ "id": "BensPublicos", "parent" : "DIREITOADMINISTRATIVO", "text": "Bens Públicos", "a_attr": {"href": "BensPublicos.html"} , "icon": "icon-10" },{ "id": "ProcessoAdministrativo", "parent" : "DIREITOADMINISTRATIVO", "text": "Processo Administrativo", "a_attr": {"href": "ProcessoAdministrativo.html"} , "icon": "icon-10" },{ "id": "AtuacaodoEstadonoDominioEconomic", "parent" : "DIREITOADMINISTRATIVO", "text": "Atuação do Estado no Domínio Econômico", "a_attr": {"href": "AtuacaodoEstadonoDominioEconomic.html"} , "icon": "icon-10" },{ "id": "DireitoAdministrativoMilitar", "parent" : "DIREITOADMINISTRATIVO", "text": "Direito Administrativo Militar", "a_attr": {"href": "DireitoAdministrativoMilitar.html"} , "icon": "icon-10" },{ "id": "DIREITOAMBIENTAL", "parent" : "#", "text": "DIREITO AMBIENTAL", "a_attr": {"href": "DIREITOAMBIENTAL.html"}  },{ "id": "Fontes", "parent" : "DIREITOAMBIENTAL", "text": "Fontes", "a_attr": {"href": "Fontes.html"} , "icon": "icon-10" },{ "id": "Principios", "parent" : "DIREITOAMBIENTAL", "text": "Princípios ", "a_attr": {"href": "Principios.html"} , "icon": "icon-10" },{ "id": "OMeioAmbientenaConstituicaoFeder", "parent" : "DIREITOAMBIENTAL", "text": "O Meio Ambiente na Constituição Federal de 1988", "a_attr": {"href": "OMeioAmbientenaConstituicaoFeder.html"} , "icon": "icon-10" },{ "id": "PoliticaNacionaldoMeioAmbiente", "parent" : "DIREITOAMBIENTAL", "text": "Política Nacional do Meio Ambiente", "a_attr": {"href": "PoliticaNacionaldoMeioAmbiente.html"} , "icon": "icon-10" },{ "id": "LicenciamentoAmbiental", "parent" : "DIREITOAMBIENTAL", "text": "Licenciamento Ambiental", "a_attr": {"href": "LicenciamentoAmbiental.html"} , "icon": "icon-10" },{ "id": "CodigoFlorestalBrasileiro", "parent" : "DIREITOAMBIENTAL", "text": "Código Florestal Brasileiro", "a_attr": {"href": "CodigoFlorestalBrasileiro.html"} , "icon": "icon-10" },{ "id": "SistemaNacionaldeUnidadesdeConse", "parent" : "DIREITOAMBIENTAL", "text": "Sistema Nacional de Unidades de Conservação da Natureza - SNUC", "a_attr": {"href": "SistemaNacionaldeUnidadesdeConse.html"} , "icon": "icon-10" },{ "id": "PoliticaNacionaldeRecursosHidric", "parent" : "DIREITOAMBIENTAL", "text": "Política Nacional de Recursos Hídricos", "a_attr": {"href": "PoliticaNacionaldeRecursosHidric.html"} , "icon": "icon-10" },{ "id": "RecursosMineraisePetroleo-Politi", "parent" : "DIREITOAMBIENTAL", "text": "Recursos Minerais e Petróleo - Política Energética e Meio Ambiente", "a_attr": {"href": "RecursosMineraisePetroleo-Politi.html"} , "icon": "icon-10" },{ "id": "ResponsabilidadeCivileAdministra", "parent" : "DIREITOAMBIENTAL", "text": "Responsabilidade Civil e Administrativa Por Danos Ambientais", "a_attr": {"href": "ResponsabilidadeCivileAdministra.html"} , "icon": "icon-10" },{ "id": "TutelaProcessualdoMeioAmbiente", "parent" : "DIREITOAMBIENTAL", "text": "Tutela Processual do Meio Ambiente", "a_attr": {"href": "TutelaProcessualdoMeioAmbiente.html"} , "icon": "icon-10" },{ "id": "TutelaPenaleProcessualPenaldoMei", "parent" : "DIREITOAMBIENTAL", "text": "Tutela Penal e Processual Penal do Meio Ambiente (Crimes Ambientais)", "a_attr": {"href": "TutelaPenaleProcessualPenaldoMei.html"} , "icon": "icon-10" },{ "id": "AquecimentoGlobalMudancasClimati", "parent" : "DIREITOAMBIENTAL", "text": "Aquecimento Global, Mudanças Climáticas e o Acordo de Paris", "a_attr": {"href": "AquecimentoGlobalMudancasClimati.html"} , "icon": "icon-10" },{ "id": "DireitoAmbientalEconomico", "parent" : "DIREITOAMBIENTAL", "text": "Direito Ambiental Econômico", "a_attr": {"href": "DireitoAmbientalEconomico.html"} , "icon": "icon-10" },{ "id": "BiodiversidadePatrimonioGenetico", "parent" : "DIREITOAMBIENTAL", "text": "Biodiversidade, Patrimônio Genético, Biotecnologia e Biossegurança", "a_attr": {"href": "BiodiversidadePatrimonioGenetico.html"} , "icon": "icon-10" },{ "id": "DIREITOARBITRAL", "parent" : "#", "text": "DIREITO ARBITRAL ", "a_attr": {"href": "DIREITOARBITRAL.html"} , "icon": "icon-0" },{ "id": "DIREITOBANCARIO", "parent" : "#", "text": "DIREITO BANCÁRIO", "a_attr": {"href": "DIREITOBANCARIO.html"} , "icon": "icon-0" },{ "id": "DIREITOCIVIL", "parent" : "#", "text": "DIREITO CIVIL ", "a_attr": {"href": "DIREITOCIVIL.html"}  },{ "id": "DasPessoasNaturaiseJuridicas", "parent" : "DIREITOCIVIL", "text": "Das Pessoas Naturais e Jurídicas", "a_attr": {"href": "DasPessoasNaturaiseJuridicas.html"} , "icon": "icon-10" },{ "id": "DoDomicilio", "parent" : "DIREITOCIVIL", "text": "Do Domicílio", "a_attr": {"href": "DoDomicilio.html"} , "icon": "icon-10" },{ "id": "DasDiferentesClassesdeBens", "parent" : "DIREITOCIVIL", "text": "Das Diferentes Classes de Bens", "a_attr": {"href": "DasDiferentesClassesdeBens.html"} , "icon": "icon-10" },{ "id": "DoNegocioeAtosJuridicos", "parent" : "DIREITOCIVIL", "text": "Do Negócio e Atos Jurídicos", "a_attr": {"href": "DoNegocioeAtosJuridicos.html"} , "icon": "icon-10" },{ "id": "DaPrescricaoedaDecadencia", "parent" : "DIREITOCIVIL", "text": "Da Prescrição e da Decadência", "a_attr": {"href": "DaPrescricaoedaDecadencia.html"} , "icon": "icon-10" },{ "id": "DaProva", "parent" : "DIREITOCIVIL", "text": "Da Prova", "a_attr": {"href": "DaProva.html"} , "icon": "icon-10" },{ "id": "DasObrigacoes", "parent" : "DIREITOCIVIL", "text": "Das Obrigações", "a_attr": {"href": "DasObrigacoes.html"} , "icon": "icon-10" },{ "id": "DosContratosemGeral", "parent" : "DIREITOCIVIL", "text": "Dos Contratos em Geral", "a_attr": {"href": "DosContratosemGeral.html"} , "icon": "icon-10" },{ "id": "DasVariasEspeciesdeContrato", "parent" : "DIREITOCIVIL", "text": "Das Várias Espécies de Contrato", "a_attr": {"href": "DasVariasEspeciesdeContrato.html"} , "icon": "icon-10" },{ "id": "DosAtosUnilaterais", "parent" : "DIREITOCIVIL", "text": "Dos Atos Unilaterais", "a_attr": {"href": "DosAtosUnilaterais.html"} , "icon": "icon-10" },{ "id": "DosTitulosdeCredito", "parent" : "DIREITOCIVIL", "text": "Dos Títulos de Crédito", "a_attr": {"href": "DosTitulosdeCredito.html"} , "icon": "icon-10" },{ "id": "DaResponsabilidadeCivil", "parent" : "DIREITOCIVIL", "text": "Da Responsabilidade Civil", "a_attr": {"href": "DaResponsabilidadeCivil.html"} , "icon": "icon-10" },{ "id": "DasPreferenciasePrivilegiosCredi", "parent" : "DIREITOCIVIL", "text": "Das Preferências e Privilégios Creditórios", "a_attr": {"href": "DasPreferenciasePrivilegiosCredi.html"} , "icon": "icon-10" },{ "id": "DoDireitodasCoisas", "parent" : "DIREITOCIVIL", "text": "Do Direito das Coisas", "a_attr": {"href": "DoDireitodasCoisas.html"} , "icon": "icon-10" },{ "id": "DoDireitodeFamilia", "parent" : "DIREITOCIVIL", "text": "Do Direito de Família", "a_attr": {"href": "DoDireitodeFamilia.html"} , "icon": "icon-10" },{ "id": "DoDireitodasSucessoes", "parent" : "DIREITOCIVIL", "text": "Do Direito das Sucessões", "a_attr": {"href": "DoDireitodasSucessoes.html"} , "icon": "icon-10" },{ "id": "DIRIETODACRIANCAEDOADOLESCENTE", "parent" : "#", "text": "DIRIETO DA CRIANÇA E DO ADOLESCENTE ", "a_attr": {"href": "DIRIETODACRIANCAEDOADOLESCENTE.html"}  },{ "id": "DasDisposicoesPreliminares", "parent" : "DIRIETODACRIANCAEDOADOLESCENTE", "text": "Das Disposições Preliminares", "a_attr": {"href": "DasDisposicoesPreliminares.html"} , "icon": "icon-10" },{ "id": "DosDireitosFundamentais", "parent" : "DIRIETODACRIANCAEDOADOLESCENTE", "text": "Dos Direitos Fundamentais", "a_attr": {"href": "DosDireitosFundamentais.html"} , "icon": "icon-10" },{ "id": "DaPrevencao", "parent" : "DIRIETODACRIANCAEDOADOLESCENTE", "text": "Da Prevenção", "a_attr": {"href": "DaPrevencao.html"} , "icon": "icon-10" },{ "id": "DaPoliticadeAtendimento", "parent" : "DIRIETODACRIANCAEDOADOLESCENTE", "text": "Da Política de Atendimento", "a_attr": {"href": "DaPoliticadeAtendimento.html"} , "icon": "icon-10" },{ "id": "DasMedidasdeProtecao", "parent" : "DIRIETODACRIANCAEDOADOLESCENTE", "text": "Das Medidas de Proteção", "a_attr": {"href": "DasMedidasdeProtecao.html"} , "icon": "icon-10" },{ "id": "DaPraticadeAtoInfracional", "parent" : "DIRIETODACRIANCAEDOADOLESCENTE", "text": "Da Prática de Ato Infracional", "a_attr": {"href": "DaPraticadeAtoInfracional.html"} , "icon": "icon-10" },{ "id": "DasMedidasPertinentesaosPaisouRe", "parent" : "DIRIETODACRIANCAEDOADOLESCENTE", "text": "Das Medidas Pertinentes aos Pais ou Responsáve", "a_attr": {"href": "DasMedidasPertinentesaosPaisouRe.html"} , "icon": "icon-10" },{ "id": "DoConselhoTutelar", "parent" : "DIRIETODACRIANCAEDOADOLESCENTE", "text": "Do Conselho Tutelar", "a_attr": {"href": "DoConselhoTutelar.html"} , "icon": "icon-10" },{ "id": "DoAcessoaJustica", "parent" : "DIRIETODACRIANCAEDOADOLESCENTE", "text": "Do Acesso à Justiça", "a_attr": {"href": "DoAcessoaJustica.html"} , "icon": "icon-10" },{ "id": "DosCrimesedasInfracoesAdministra", "parent" : "DIRIETODACRIANCAEDOADOLESCENTE", "text": "Dos Crimes e das Infrações Administrativas", "a_attr": {"href": "DosCrimesedasInfracoesAdministra.html"} , "icon": "icon-10" },{ "id": "DIREITODOCONSUMIDOR1", "parent" : "#", "text": "DIREITO DO CONSUMIDOR ", "a_attr": {"href": "DIREITODOCONSUMIDOR1.html"}  },{ "id": "DosContratosdeConsumo", "parent" : "DIREITODOCONSUMIDOR1", "text": "Dos Contratos de Consumo", "a_attr": {"href": "DosContratosdeConsumo.html"} , "icon": "icon-10" },{ "id": "DaInscricaoemCadastrosdeInadimpl", "parent" : "DIREITODOCONSUMIDOR1", "text": "Da Inscrição em Cadastros de Inadimplência", "a_attr": {"href": "DaInscricaoemCadastrosdeInadimpl.html"} , "icon": "icon-10" },{ "id": "DoCadastroPositivoouCrediscore", "parent" : "DIREITODOCONSUMIDOR1", "text": "Do Cadastro Positivo ou Crediscore", "a_attr": {"href": "DoCadastroPositivoouCrediscore.html"} , "icon": "icon-10" },{ "id": "DIREITODOTRANSITO", "parent" : "#", "text": "DIREITO DO TRÂNSITO", "a_attr": {"href": "DIREITODOTRANSITO.html"}  },{ "id": "DoDPVAT", "parent" : "DIREITODOTRANSITO", "text": "Do DPVAT", "a_attr": {"href": "DoDPVAT.html"} , "icon": "icon-10" },{ "id": "DaApreensaodoVeiculo", "parent" : "DIREITODOTRANSITO", "text": "Da Apreensão do Veículo", "a_attr": {"href": "DaApreensaodoVeiculo.html"} , "icon": "icon-10" },{ "id": "DoAutodeInfracao", "parent" : "DIREITODOTRANSITO", "text": "Do Auto de Infração", "a_attr": {"href": "DoAutodeInfracao.html"} , "icon": "icon-10" },{ "id": "DosCrimesdeTransito", "parent" : "DIREITODOTRANSITO", "text": "Dos Crimes de Trânsito", "a_attr": {"href": "DosCrimesdeTransito.html"} , "icon": "icon-10" },{ "id": "DIREITOECONOMICO", "parent" : "#", "text": "DIREITO ECONÔMICO ", "a_attr": {"href": "DIREITOECONOMICO.html"} , "icon": "icon-0" },{ "id": "DIREITOEMPRESARIAL", "parent" : "#", "text": "DIREITO EMPRESARIAL ", "a_attr": {"href": "DIREITOEMPRESARIAL.html"}  },{ "id": "EmpresasdeTelefonia", "parent" : "DIREITOEMPRESARIAL", "text": "Empresas de Telefonia", "a_attr": {"href": "EmpresasdeTelefonia.html"} , "icon": "icon-10" },{ "id": "RecuperacaoJudicialeFalencia", "parent" : "DIREITOEMPRESARIAL", "text": "Recuperação Judicial e Falência", "a_attr": {"href": "RecuperacaoJudicialeFalencia.html"} , "icon": "icon-10" },{ "id": "DIREITOPENAL", "parent" : "#", "text": "DIREITO PENAL ", "a_attr": {"href": "DIREITOPENAL.html"}  },{ "id": "DasPenas", "parent" : "DIREITOPENAL", "text": "Das Penas", "a_attr": {"href": "DasPenas.html"} , "icon": "icon-10" },{ "id": "DosCrimesContraoPatrimonio", "parent" : "DIREITOPENAL", "text": "Dos Crimes Contra o Patrimônio", "a_attr": {"href": "DosCrimesContraoPatrimonio.html"} , "icon": "icon-10" },{ "id": "DosCrimesContraaPrioriedadeImate", "parent" : "DIREITOPENAL", "text": "Dos Crimes Contra a Prioriedade Imaterial", "a_attr": {"href": "DosCrimesContraaPrioriedadeImate.html"} , "icon": "icon-10" },{ "id": "DosCrimesContraaDiginidadeSocial", "parent" : "DIREITOPENAL", "text": "Dos Crimes Contra a Diginidade Social", "a_attr": {"href": "DosCrimesContraaDiginidadeSocial.html"} , "icon": "icon-10" },{ "id": "DosCrimesContraaFePublica", "parent" : "DIREITOPENAL", "text": "Dos Crimes Contra a Fé Pública", "a_attr": {"href": "DosCrimesContraaFePublica.html"} , "icon": "icon-10" },{ "id": "DosCrimesContraaAdministracaoPub", "parent" : "DIREITOPENAL", "text": "Dos Crimes Contra a Administração Pública", "a_attr": {"href": "DosCrimesContraaAdministracaoPub.html"} , "icon": "icon-10" },{ "id": "DIREITOPREVIDENCIARIO", "parent" : "#", "text": "DIREITO PREVIDENCIÁRIO ", "a_attr": {"href": "DIREITOPREVIDENCIARIO.html"}  },{ "id": "ConcessaodeBeneficiosPrevidencia", "parent" : "DIREITOPREVIDENCIARIO", "text": "Concessão de Benefícios Previdenciários", "a_attr": {"href": "ConcessaodeBeneficiosPrevidencia.html"} , "icon": "icon-10" },{ "id": "SalariodeContribuicaoeSalariodeB", "parent" : "DIREITOPREVIDENCIARIO", "text": "Salário de Contribuição e Salário de Benefício", "a_attr": {"href": "SalariodeContribuicaoeSalariodeB.html"} , "icon": "icon-10" },{ "id": "OutrasContribuicoes", "parent" : "DIREITOPREVIDENCIARIO", "text": "Outras Contribuições", "a_attr": {"href": "OutrasContribuicoes.html"} , "icon": "icon-10" },{ "id": "AtualizacaodeDebitosPrevidenciar", "parent" : "DIREITOPREVIDENCIARIO", "text": "Atualização de Débitos Previdenciários", "a_attr": {"href": "AtualizacaodeDebitosPrevidenciar.html"} , "icon": "icon-10" },{ "id": "DosBeneficios", "parent" : "DIREITOPREVIDENCIARIO", "text": "Dos Benefícios", "a_attr": {"href": "DosBeneficios.html"} , "icon": "icon-10" },{ "id": "SeguroDesempregoeAbonodoPIS", "parent" : "DIREITOPREVIDENCIARIO", "text": "Seguro Desemprego e Abono do PIS", "a_attr": {"href": "SeguroDesempregoeAbonodoPIS.html"} , "icon": "icon-10" },{ "id": "PrescricaoeDecadencia", "parent" : "DIREITOPREVIDENCIARIO", "text": "Prescrição e Decadência", "a_attr": {"href": "PrescricaoeDecadencia.html"} , "icon": "icon-10" },{ "id": "PrevidenciaComplementar", "parent" : "DIREITOPREVIDENCIARIO", "text": "Previdência Complementar", "a_attr": {"href": "PrevidenciaComplementar.html"} , "icon": "icon-10" },{ "id": "SistemaUnicodeSaude-SUS", "parent" : "DIREITOPREVIDENCIARIO", "text": "Sistema Único de Saúde - SUS", "a_attr": {"href": "SistemaUnicodeSaude-SUS.html"} , "icon": "icon-10" },{ "id": "CrimesContraaSeguridadeSocial", "parent" : "DIREITOPREVIDENCIARIO", "text": "Crimes Contra a Seguridade Social", "a_attr": {"href": "CrimesContraaSeguridadeSocial.html"} , "icon": "icon-10" },{ "id": "DIREITOPROCESSUALCIVIL", "parent" : "#", "text": "DIREITO PROCESSUAL CIVIL ", "a_attr": {"href": "DIREITOPROCESSUALCIVIL.html"}  },{ "id": "DasNormasProcessuais", "parent" : "DIREITOPROCESSUALCIVIL", "text": "Das Normas Processuais ", "a_attr": {"href": "DasNormasProcessuais.html"} , "icon": "icon-10" },{ "id": "DaFuncaoJurisdicional", "parent" : "DIREITOPROCESSUALCIVIL", "text": "Da Função Jurisdicional ", "a_attr": {"href": "DaFuncaoJurisdicional.html"} , "icon": "icon-10" },{ "id": "DaCompetencia", "parent" : "DaFuncaoJurisdicional", "text": "Da Competência", "a_attr": {"href": "DaCompetencia.html"} , "icon": "icon-10" },{ "id": "DosSujeitosdoProcesso", "parent" : "DIREITOPROCESSUALCIVIL", "text": "Dos Sujeitos do Processo ", "a_attr": {"href": "DosSujeitosdoProcesso.html"} , "icon": "icon-10" },{ "id": "DasPartesedosProcuradores", "parent" : "DosSujeitosdoProcesso", "text": "Das Partes e dos Procuradores", "a_attr": {"href": "DasPartesedosProcuradores.html"} , "icon": "icon-10" },{ "id": "DasDespesasdosHonorariosAdvocati", "parent" : "DasPartesedosProcuradores", "text": "Das Despesas, dos Honorários Advocatícios e das Multas", "a_attr": {"href": "DasDespesasdosHonorariosAdvocati.html"} , "icon": "icon-10" },{ "id": "DepositarioInfiel", "parent" : "DasPartesedosProcuradores", "text": "Depositário Infiel", "a_attr": {"href": "DepositarioInfiel.html"} , "icon": "icon-10" },{ "id": "DepositosJudiciais", "parent" : "DasPartesedosProcuradores", "text": "Depósitos Judiciais", "a_attr": {"href": "DepositosJudiciais.html"} , "icon": "icon-10" },{ "id": "DosAtosProcessuais", "parent" : "DIREITOPROCESSUALCIVIL", "text": "Dos Atos Processuais ", "a_attr": {"href": "DosAtosProcessuais.html"} , "icon": "icon-10" },{ "id": "DaFormadosAtosProcessuais", "parent" : "DosAtosProcessuais", "text": "Da Forma dos Atos Processuais", "a_attr": {"href": "DaFormadosAtosProcessuais.html"} , "icon": "icon-10" },{ "id": "DosPrazos", "parent" : "DosAtosProcessuais", "text": "Dos Prazos", "a_attr": {"href": "DosPrazos.html"} , "icon": "icon-10" },{ "id": "DaCitacaoeDasIntimacoes", "parent" : "DosAtosProcessuais", "text": "Da Citação e Das Intimações", "a_attr": {"href": "DaCitacaoeDasIntimacoes.html"} , "icon": "icon-10" },{ "id": "DaDistribuicaoedoRegistro", "parent" : "DosAtosProcessuais", "text": "Da Distribuição e do Registro", "a_attr": {"href": "DaDistribuicaoedoRegistro.html"} , "icon": "icon-10" },{ "id": "DaTutelaProvisoria", "parent" : "DIREITOPROCESSUALCIVIL", "text": "Da Tutela Provisória ", "a_attr": {"href": "DaTutelaProvisoria.html"} , "icon": "icon-10" },{ "id": "DaFormacaodaSuspensaoedaExtincao", "parent" : "DIREITOPROCESSUALCIVIL", "text": "Da Formação, da Suspensão e da Extinção do Processo ", "a_attr": {"href": "DaFormacaodaSuspensaoedaExtincao.html"} , "icon": "icon-10" },{ "id": "DaSuspensaodoProcesso", "parent" : "DaFormacaodaSuspensaoedaExtincao", "text": "Da Suspensão do Processo", "a_attr": {"href": "DaSuspensaodoProcesso.html"} , "icon": "icon-10" },{ "id": "DoProcessodeConhecimentoedoCumpr", "parent" : "DIREITOPROCESSUALCIVIL", "text": "Do Processo de Conhecimento e do Cumprimento de Sentença ", "a_attr": {"href": "DoProcessodeConhecimentoedoCumpr.html"} , "icon": "icon-10" },{ "id": "PeticaoInicial", "parent" : "DoProcessodeConhecimentoedoCumpr", "text": "Petição Inicial", "a_attr": {"href": "PeticaoInicial.html"} , "icon": "icon-10" },{ "id": "Provas", "parent" : "DoProcessodeConhecimentoedoCumpr", "text": "Provas", "a_attr": {"href": "Provas.html"} , "icon": "icon-10" },{ "id": "SentencaeCoisaJulgada", "parent" : "DoProcessodeConhecimentoedoCumpr", "text": "Sentença e Coisa Julgada", "a_attr": {"href": "SentencaeCoisaJulgada.html"} , "icon": "icon-10" },{ "id": "DosProcedimentosEspeciais", "parent" : "DIREITOPROCESSUALCIVIL", "text": "Dos Procedimentos Especiais", "a_attr": {"href": "DosProcedimentosEspeciais.html"} , "icon": "icon-10" },{ "id": "DoProcessodeExecucao", "parent" : "DIREITOPROCESSUALCIVIL", "text": "Do Processo de Execução ", "a_attr": {"href": "DoProcessodeExecucao.html"} , "icon": "icon-10" },{ "id": "DosProcessosnosTribunaisedosMeio", "parent" : "DIREITOPROCESSUALCIVIL", "text": "Dos Processos nos Tribunais e dos Meios de Impugnação das Decisões Judiciais ", "a_attr": {"href": "DosProcessosnosTribunaisedosMeio.html"} , "icon": "icon-10" },{ "id": "DaAcaoRescisoria", "parent" : "DosProcessosnosTribunaisedosMeio", "text": "Da Ação Rescisória", "a_attr": {"href": "DaAcaoRescisoria.html"} , "icon": "icon-10" },{ "id": "DosRecursos", "parent" : "DosProcessosnosTribunaisedosMeio", "text": "Dos Recursos", "a_attr": {"href": "DosRecursos.html"} , "icon": "icon-10" },{ "id": "DasDisposicoesGerais", "parent" : "DosRecursos", "text": "Das Disposições Gerais", "a_attr": {"href": "DasDisposicoesGerais.html"} , "icon": "icon-10" },{ "id": "DosRecursosemEspecie", "parent" : "DosRecursos", "text": "Dos Recursos em Espécie", "a_attr": {"href": "DosRecursosemEspecie.html"} , "icon": "icon-10" },{ "id": "DaAcaoCivilPublica", "parent" : "DosProcessosnosTribunaisedosMeio", "text": "Da Ação Civil Pública", "a_attr": {"href": "DaAcaoCivilPublica.html"} , "icon": "icon-10" },{ "id": "DoMandadodeSeguranca", "parent" : "DosProcessosnosTribunaisedosMeio", "text": "Do Mandado de Segurança", "a_attr": {"href": "DoMandadodeSeguranca.html"} , "icon": "icon-10" },{ "id": "DIREITOPROCESSUALPENAL", "parent" : "#", "text": "DIREITO PROCESSUAL PENAL ", "a_attr": {"href": "DIREITOPROCESSUALPENAL.html"}  },{ "id": "DaSuspensaoCondicionaldoProcesso", "parent" : "DIREITOPROCESSUALPENAL", "text": "Da Suspensão Condicional do Processo", "a_attr": {"href": "DaSuspensaoCondicionaldoProcesso.html"} , "icon": "icon-10" },{ "id": "DaExecucaoPenal", "parent" : "DIREITOPROCESSUALPENAL", "text": "Da Execução Penal", "a_attr": {"href": "DaExecucaoPenal.html"} , "icon": "icon-10" },{ "id": "DIREITOTRIBUTARIO", "parent" : "#", "text": "DIREITO TRIBUTÁRIO ", "a_attr": {"href": "DIREITOTRIBUTARIO.html"}  },{ "id": "LimitacoesaoPoderdeTributar", "parent" : "DIREITOTRIBUTARIO", "text": "Limitações ao Poder de Tributar", "a_attr": {"href": "LimitacoesaoPoderdeTributar.html"} , "icon": "icon-10" },{ "id": "CompetenciaTributaria", "parent" : "DIREITOTRIBUTARIO", "text": "Competência Tributária", "a_attr": {"href": "CompetenciaTributaria.html"} , "icon": "icon-10" },{ "id": "ImpostosFederais", "parent" : "DIREITOTRIBUTARIO", "text": "Impostos Federais", "a_attr": {"href": "ImpostosFederais.html"} , "icon": "icon-10" },{ "id": "ImpostosEstaduais", "parent" : "DIREITOTRIBUTARIO", "text": "Impostos Estaduais", "a_attr": {"href": "ImpostosEstaduais.html"} , "icon": "icon-10" },{ "id": "ImpostosMunicipais", "parent" : "DIREITOTRIBUTARIO", "text": "Impostos Municipais", "a_attr": {"href": "ImpostosMunicipais.html"} , "icon": "icon-10" },{ "id": "EmprestimosCompulsorios", "parent" : "DIREITOTRIBUTARIO", "text": "Empréstimos Compulsórios", "a_attr": {"href": "EmprestimosCompulsorios.html"} , "icon": "icon-10" },{ "id": "ContribuicoesEspeciais", "parent" : "DIREITOTRIBUTARIO", "text": "Contribuições Especiais", "a_attr": {"href": "ContribuicoesEspeciais.html"} , "icon": "icon-10" },{ "id": "ResponsabilidadeTributaria", "parent" : "DIREITOTRIBUTARIO", "text": "Responsabilidade Tributária", "a_attr": {"href": "ResponsabilidadeTributaria.html"} , "icon": "icon-10" },{ "id": "CreditoTributario", "parent" : "DIREITOTRIBUTARIO", "text": "Crédito Tributário", "a_attr": {"href": "CreditoTributario.html"} , "icon": "icon-10" },{ "id": "CertidoesNegativas", "parent" : "DIREITOTRIBUTARIO", "text": "Certidões Negativas", "a_attr": {"href": "CertidoesNegativas.html"} , "icon": "icon-10" },{ "id": "ProgramasdeParcelamentodeDebitos", "parent" : "DIREITOTRIBUTARIO", "text": "Programas de Parcelamento de Débitos Fiscais", "a_attr": {"href": "ProgramasdeParcelamentodeDebitos.html"} , "icon": "icon-10" },{ "id": "Simples", "parent" : "DIREITOTRIBUTARIO", "text": "Simples", "a_attr": {"href": "Simples.html"} , "icon": "icon-10" },{ "id": "ProcessoAdministrativoTributario", "parent" : "DIREITOTRIBUTARIO", "text": "Processo Administrativo Tributário", "a_attr": {"href": "ProcessoAdministrativoTributario.html"} , "icon": "icon-10" },{ "id": "ExecucaoFiscal", "parent" : "DIREITOTRIBUTARIO", "text": "Execução Fiscal", "a_attr": {"href": "ExecucaoFiscal.html"} , "icon": "icon-10" },{ "id": "CadastroInformativodeCreditosNao", "parent" : "DIREITOTRIBUTARIO", "text": "Cadastro Informativo de Créditos Não Quitados de Setor Público Federal", "a_attr": {"href": "CadastroInformativodeCreditosNao.html"} , "icon": "icon-10" },{ "id": "RemissaoeAnistia", "parent" : "DIREITOTRIBUTARIO", "text": "Remissão e Anistia", "a_attr": {"href": "RemissaoeAnistia.html"} , "icon": "icon-10" },{ "id": "LEGISLACAOPENALEPROCESSUALPENALE", "parent" : "#", "text": "LEGISLAÇÃO PENAL E PROCESSUAL PENAL EXTRAVAGANTE", "a_attr": {"href": "LEGISLACAOPENALEPROCESSUALPENALE.html"}  },{ "id": "Lei806990-EstatutodaCriancaedoAd", "parent" : "LEGISLACAOPENALEPROCESSUALPENALE", "text": "Lei 8.069/90 - Estatuto da Criança e do Adolescente", "a_attr": {"href": "Lei806990-EstatutodaCriancaedoAd.html"} , "icon": "icon-10" },{ "id": "Lei108262003-RegistroPosseeComer", "parent" : "LEGISLACAOPENALEPROCESSUALPENALE", "text": "Lei 10.826/2003 - Registro, Posse e Comercialização de Armas de Fogo e Munição", "a_attr": {"href": "Lei108262003-RegistroPosseeComer.html"} , "icon": "icon-10" },{ "id": "Lei1134006-LeiMariadaPenha", "parent" : "LEGISLACAOPENALEPROCESSUALPENALE", "text": "Lei 11.340/06 - Lei Maria da Penha", "a_attr": {"href": "Lei1134006-LeiMariadaPenha.html"} , "icon": "icon-10" },{ "id": "Lei113432006-TraficoIlicitodeDro", "parent" : "LEGISLACAOPENALEPROCESSUALPENALE", "text": "Lei 11.343/2006 - Tráfico Ilícito de Drogas", "a_attr": {"href": "Lei113432006-TraficoIlicitodeDro.html"} , "icon": "icon-10" },{ "id": "REFERENCIAS", "parent" : "#", "text": "REFERÊNCIAS", "a_attr": {"href": "REFERENCIAS.html"} , "icon": "icon-0" }]